<?xml version="1.0" encoding="UTF-8"?>
<build-type xmlns:xsi="http://www.w3.org/2001/XMLSchema-instance" uuid="b3fd742e-27c5-41f1-8d13-2347763f7eaf" xsi:noNamespaceSchemaLocation="https://www.jetbrains.com/teamcity/schemas/2021.1/project-config.xsd">
  <name>Build</name>
  <description />
  <settings>
    <disabled-settings>
      <setting-ref ref="RQ_2" />
      <setting-ref ref="maven_test" />
    </disabled-settings>
    <parameters />
    <build-runners>
      <runner id="powershell_test" name="powershell test" type="jetbrains_powershell">
        <parameters>
          <param name="jetbrains_powershell_execution" value="PS1" />
          <param name="jetbrains_powershell_noprofile" value="true" />
          <param name="jetbrains_powershell_script_code" value="Write-Host &quot;powershell test&quot;" />
          <param name="jetbrains_powershell_script_mode" value="CODE" />
          <param name="teamcity.step.mode" value="default" />
        </parameters>
      </runner>
      <runner id="jetbrains_powershell" name="powershell test 2" type="jetbrains_powershell">
        <parameters>
          <param name="jetbrains_powershell_execution" value="PS1" />
          <param name="jetbrains_powershell_noprofile" value="true" />
          <param name="jetbrains_powershell_script_code" value="Write-Host &quot;powershell test 2&quot;" />
          <param name="jetbrains_powershell_script_mode" value="CODE" />
          <param name="teamcity.step.mode" value="default" />
        </parameters>
      </runner>
      <runner id="maven_test" name="maven test" type="Maven2">
        <parameters>
          <param name="goals" value="clean test" />
          <param name="localRepoScope" value="agent" />
          <param name="maven.path" value="%teamcity.tool.maven.DEFAULT%" />
          <param name="pomLocation" value="pom.xml" />
          <param name="teamcity.coverage.emma.include.source" value="true" />
          <param name="teamcity.coverage.emma.instr.parameters" value="-ix -*Test*" />
          <param name="teamcity.coverage.idea.includePatterns" value="*" />
          <param name="teamcity.coverage.jacoco.patterns" value="+:*" />
          <param name="teamcity.step.mode" value="default" />
          <param name="teamcity.tool.jacoco" value="%teamcity.tool.jacoco.DEFAULT%" />
          <param name="userSettingsSelection" value="userSettingsSelection:default" />
        </parameters>
      </runner>
    </build-runners>
    <vcs-settings>
      <vcs-entry-ref root-id="Mavenjenkins1_HttpsGithubComPramodsawantgithubMavenjenkinsRefsHeadsMain" />
    </vcs-settings>
    <requirements>
      <equals id="RQ_2" name="system.agent.name" value="Linux-XLarge-i" />
    </requirements>
    <build-triggers>
      <build-trigger id="TRIGGER_2" type="vcsTrigger">
        <parameters>
          <param name="branchFilter" value="+:*" />
          <param name="enableQueueOptimization" value="true" />
          <param name="quietPeriodMode" value="DO_NOT_USE" />
        </parameters>
      </build-trigger>
    </build-triggers>
    <build-extensions>
      <extension id="perfmon" type="perfmon">
        <parameters>
          <param name="teamcity.perfmon.feature.enabled" value="true" />
        </parameters>
      </extension>
      <extension id="BUILD_EXT_1" type="commit-status-publisher">
        <parameters>
          <param name="github_authentication_type" value="token" />
          <param name="github_host" value="https://api.github.com" />
          <param name="publisherId" value="githubStatusPublisher" />
          <param name="secure:github_access_token" value="zxxac0b501ef9a679f43cc53a2a02b49c850d233a9ca67f7aefe2f137c713d77213de1d77e2c3bd4d1a7e0797b9ec09672e2dae2d95e30789a4bd4982defc1b4502c3e47e954fba73164018f79f597ec22b73a852783031cf335a959133ace65bf1" />
          <param name="vcsRootId" value="Mavenjenkins1_HttpsGithubComPramodsawantgithubMavenjenkinsRefsHeadsMain" />
        </parameters>
      </extension>
    </build-extensions>
    <cleanup />
  </settings>
</build-type>

