<?xml version="1.0" encoding="UTF-8"?>
<project xmlns:xsi="http://www.w3.org/2001/XMLSchema-instance" uuid="0401657b-5ebc-4af7-baeb-17d7c926b0a8" xsi:noNamespaceSchemaLocation="https://www.jetbrains.com/teamcity/schemas/2021.1/project-config.xsd">
  <name>&lt;Root project&gt;</name>
  <description>Contains all other projects</description>
  <parameters />
  <project-extensions>
    <extension id="PROJECT_EXT_1" type="ReportTab">
      <parameters>
        <param name="startPage" value="coverage.zip!index.html" />
        <param name="title" value="Code Coverage" />
        <param name="type" value="BuildReportTab" />
      </parameters>
    </extension>
  </project-extensions>
  <cleanup>
    <policy type="days" cleanup-level="EVERYTHING">
      <parameters>
        <param name="keepDays.count" value="365" />
      </parameters>
    </policy>
    <policy type="days" cleanup-level="HISTORY_ENTRY">
      <parameters>
        <param name="keepDays.count" value="90" />
      </parameters>
    </policy>
    <options>
      <option name="preventDependenciesArtifactsFromCleanup" value="false" />
    </options>
  </cleanup>
</project>

