<?xml version="1.0" encoding="UTF-8"?>
<vcs-root xmlns:xsi="http://www.w3.org/2001/XMLSchema-instance" uuid="fd58f8d3-c763-4099-9d37-1804a418fff1" type="jetbrains.git" xsi:noNamespaceSchemaLocation="https://www.jetbrains.com/teamcity/schemas/2021.1/project-config.xsd">
  <name>https://github.com/pramodsawantgithub/mavenjenkins#refs/heads/main</name>
  <param name="agentCleanFilesPolicy" value="ALL_UNTRACKED" />
  <param name="agentCleanPolicy" value="ON_BRANCH_CHANGE" />
  <param name="authMethod" value="PASSWORD" />
  <param name="branch" value="refs/heads/main" />
  <param name="ignoreKnownHosts" value="true" />
  <param name="secure:password" value="zxx7d9ed72efb875693c554f83e08df16cc414fe38875260d6d2e712e4e3b94321394319936947f11d3775d03cbe80d301b" />
  <param name="submoduleCheckout" value="CHECKOUT" />
  <param name="teamcity:branchSpec" value="refs/heads/*" />
  <param name="url" value="https://github.com/pramodsawantgithub/mavenjenkins" />
  <param name="useAlternates" value="AUTO" />
  <param name="username" value="pramodsawantgithub" />
  <param name="usernameStyle" value="USERID" />
</vcs-root>

